neighbors,shrinkage,recall_at_10,ndcg_at_10,map_at_10,auc
100,0,0.06445733222866612,0.03289637341850115,0.023394616062387397,0.8490738904504467
200,0,0.06578293289146644,0.0328555290341704,0.022972804145132232,0.867360782746951
50,0,0.0647887323943662,0.032600314207993114,0.022863126471245773,0.8216739248402577
50,10,0.06412593206296603,0.031985614829480154,0.02227863915519259,0.8072693061169273
200,10,0.0636288318144159,0.03191686767255098,0.022362607014636837,0.8559883406821301
100,10,0.06147473073736537,0.031206560155866397,0.022055272813350693,0.8361673731613474
200,100,0.06313173156586578,0.030995016544108748,0.021344800831130575,0.836574270225614
100,100,0.06097763048881524,0.02965212585694876,0.020230599281966306,0.8090996991159973
50,100,0.059486329743164874,0.02913158743992747,0.019973566891545353,0.772757856134267
