{
  "model": "itemknn",
  "split": "val",
  "k": 10,
  "num_users_evaluated": 6035,
  "recall_at_k": 0.06313173156586578,
  "ndcg_at_k": 0.030995016544108748,
  "map_at_k": 0.021344800831130575,
  "auc": 0.836574270225614
}