{
  "model": "itemknn",
  "split": "val",
  "k": 10,
  "num_users_evaluated": 6035,
  "recall_at_k": 0.06147473073736537,
  "ndcg_at_k": 0.031206560155866397,
  "map_at_k": 0.022055272813350693,
  "auc": 0.8361673731613474
}