{
  "model": "itemknn",
  "split": "val",
  "k": 10,
  "num_users_evaluated": 6035,
  "recall_at_k": 0.06445733222866612,
  "ndcg_at_k": 0.03289637341850115,
  "map_at_k": 0.023394616062387397,
  "auc": 0.8490738904504467
}