{
  "model": "itemknn",
  "split": "val",
  "k": 10,
  "num_users_evaluated": 6035,
  "recall_at_k": 0.06097763048881524,
  "ndcg_at_k": 0.02965212585694876,
  "map_at_k": 0.020230599281966306,
  "auc": 0.8090996991159973
}