{
  "model": "itemknn",
  "split": "val",
  "k": 10,
  "num_users_evaluated": 6035,
  "recall_at_k": 0.0647887323943662,
  "ndcg_at_k": 0.032600314207993114,
  "map_at_k": 0.022863126471245773,
  "auc": 0.8216739248402577
}