{
  "model": "itemknn",
  "split": "val",
  "k": 10,
  "num_users_evaluated": 6035,
  "recall_at_k": 0.06578293289146644,
  "ndcg_at_k": 0.0328555290341704,
  "map_at_k": 0.022972804145132232,
  "auc": 0.867360782746951
}