{
  "model": "itemknn",
  "split": "val",
  "k": 10,
  "num_users_evaluated": 6035,
  "recall_at_k": 0.059486329743164874,
  "ndcg_at_k": 0.02913158743992747,
  "map_at_k": 0.019973566891545353,
  "auc": 0.772757856134267
}