{
  "model": "itemknn",
  "split": "val",
  "k": 10,
  "num_users_evaluated": 6035,
  "recall_at_k": 0.06412593206296603,
  "ndcg_at_k": 0.031985614829480154,
  "map_at_k": 0.02227863915519259,
  "auc": 0.8072693061169273
}