{
  "model": "itemknn",
  "split": "val",
  "k": 10,
  "num_users_evaluated": 6035,
  "recall_at_k": 0.0636288318144159,
  "ndcg_at_k": 0.03191686767255098,
  "map_at_k": 0.022362607014636837,
  "auc": 0.8559883406821301
}